题号,模块,正误,用时秒,全站正确率,你的答案,正确答案,考点
1,政治理论,错,23,24%,C,D,"重要会议讲话 / 其他建设"
2,政治理论,对,45,62%,D,D,"重要会议讲话 / 社会建设"
3,政治理论,错,123,19%,C,B,"其他建设"
4,政治理论,错,41,34%,A,D,"重要会议讲话 / 经济建设"
5,政治理论,错,44,38%,D,A,"重要文件 / 经济建设"
6,常识判断,错,62,38%,B,C,"市场经济"
7,政治理论,错,46,35%,A,D,"重要事件 / 其他建设"
8,政治理论,对,13,32%,B,B,"重要文件 / 经济建设"
9,政治理论,错,70,53%,B,A,"重要文件 / 社会建设"
10,政治理论,错,28,38%,B,C,"重要事件 / 其他建设"
11,常识判断,错,52,50%,D,B,"行政法"
12,政治理论,错,33,24%,D,A,"党章党纪"
13,常识判断,对,42,58%,D,D,"文化常识"
14,常识判断,对,32,22%,B,B,"其他法律法规"
15,政治理论,对,33,55%,A,A,"重要会议讲话 / 经济建设"
16,常识判断,对,64,53%,D,D,"文化常识"
17,常识判断,对,28,51%,C,C,"宏观经济与调控政策"
18,常识判断,对,27,49%,C,C,"市场经济"
19,常识判断,对,55,54%,B,B,"科技理论与成就"
20,常识判断,对,26,87%,C,C,"生物常识"
21,常识判断,错,36,34%,C,B,"物理常识"
22,常识判断,对,16,78%,C,C,"生活常识"
23,常识判断,对,19,88%,A,A,"生活常识"
24,常识判断,对,68,31%,A,A,"物理常识"
25,常识判断,对,33,71%,C,C,"科技理论与成就"
26,言语理解,对,40,72%,D,D,"对应关系-前后呼应 / 成语填空 / 词的辨析-搭配对象"
27,言语理解,错,23,37%,C,D,"成语填空 / 关联关系-并列关系"
28,言语理解,对,40,85%,D,D,"实词填空 / 词的辨析-搭配对象"
29,言语理解,对,84,84%,D,D,"对应关系-前后呼应 / 词的辨析-搭配对象 / 混搭填空"
30,言语理解,对,14,96%,B,B,"实词填空 / 词的辨析-搭配对象"
31,言语理解,错,62,64%,B,C,"对应关系-前后呼应 / 实词填空 / 词的辨析-搭配对象"
32,言语理解,对,11,85%,B,B,"对应关系-前后呼应 / 词的辨析-搭配对象 / 混搭填空"
33,言语理解,对,52,82%,B,B,"对应关系-前后呼应 / 成语填空 / 关联关系-并列关系"
34,言语理解,对,42,62%,A,A,"词的辨析-感情色彩 / 词的辨析-搭配对象 / 混搭填空 / 关联关系-并列关系"
35,言语理解,错,49,81%,A,D,"对应关系-前后呼应 / 实词填空 / 关联关系-因果关系"
36,言语理解,错,13,57%,A,B,"对应关系-前后呼应 / 混搭填空"
37,言语理解,对,28,91%,A,A,"对应关系-前后呼应 / 词的辨析-搭配对象 / 混搭填空 / 关联关系-转折关系"
38,言语理解,错,62,38%,A,B,"对应关系-前后呼应 / 实词填空"
39,言语理解,对,36,93%,B,B,"对应关系-前后呼应 / 实词填空 / 词的辨析-搭配对象"
40,言语理解,对,36,61%,A,A,"对应关系-前后呼应 / 实词填空 / 词的辨析-搭配对象"
41,言语理解,对,34,91%,A,A,"对应关系-前后呼应 / 实词填空 / 词的辨析-搭配对象"
42,言语理解,对,45,90%,C,C,"对应关系-前后呼应 / 实词填空 / 词的辨析-搭配对象"
43,言语理解,错,33,79%,C,A,"接语选择题"
44,言语理解,对,62,56%,B,B,"接语选择题"
45,言语理解,错,78,46%,D,B,"主题词"
46,言语理解,错,39,42%,A,C,"细节判断题"
47,言语理解,错,42,69%,D,A,"关联词-因果"
48,言语理解,对,14,90%,C,C,"关联词-并列"
49,言语理解,对,43,84%,D,D,"细节判断题"
50,言语理解,对,159,50%,C,C,"细节判断题"
51,言语理解,对,57,85%,D,D,"关联词-并列"
52,言语理解,对,39,84%,C,C,"细节判断题"
53,言语理解,对,73,88%,B,B,"分述句特征-引入铺垫 / 关联词-对策 / 分述句特征-多角度论述"
54,言语理解,对,34,66%,D,D,"细节判断题"
55,言语理解,对,24,94%,C,C,"细节判断题"
56,言语理解,错,57,76%,C,B,"分述句特征-引入铺垫 / 关联词-转折 / 分述句特征-举例子"
57,言语理解,对,44,93%,A,A,"接语选择题"
58,言语理解,错,80,61%,C,D,"标题填入题"
59,言语理解,错,85,78%,C,A,"关联词-转折"
60,言语理解,错,67,81%,B,D,"分述句特征-引入铺垫 / 关联词-因果"
61,言语理解,对,54,87%,C,C,"横线在中间"
62,言语理解,对,97,82%,C,C,"横线在中间"
63,言语理解,对,48,74%,A,A,"横线在结尾"
64,言语理解,错,63,62%,D,C,"确定首句-首句特征 / 确定顺序"
65,言语理解,对,36,61%,A,A,"确定捆绑 / 确定首句-首句特征"
66,数量关系,对,343,60%,B,B,"给效率比例型"
67,数量关系,对,164,56%,C,C,"和差倍比问题"
68,数量关系,对,149,33%,D,D,"和差倍比问题"
69,数量关系,对,100,67%,B,B,"和差倍比问题"
70,数量关系,对,300,47%,C,C,"给情况求概率"
71,数量关系,对,72,50%,D,D,"给情况求概率"
72,数量关系,错,157,20%,B,A,"基础排列组合"
73,数量关系,对,68,28%,A,A,"基础排列组合"
74,数量关系,对,255,59%,B,B,"数列问题"
75,数量关系,对,153,41%,D,D,"函数最值问题"
76,数量关系,错,21,40%,C,A,"和差倍比问题"
77,数量关系,错,53,36%,D,C,"几何结论类-几何小题型 / 非典型最值问题"
78,数量关系,对,101,50%,B,B,"几何公式类-平面图形 / 几何结论类-三角形相关"
79,数量关系,错,158,25%,D,A,"几何公式类-立体图形"
80,数量关系,错,86,40%,B,C,"几何公式类-立体图形 / 几何结论类-三角形相关 / 非典型最值问题"
81,判断推理,对,173,74%,C,C,"数量规律-面 / 黑白块类"
82,判断推理,对,96,65%,C,C,"特殊规律-图形间关系"
83,判断推理,错,88,46%,A,D,"数量规律-线"
84,判断推理,对,123,82%,B,B,"位置规律-综合"
85,判断推理,错,126,34%,C,A,"位置规律-平移"
86,判断推理,对,85,61%,B,B,"空间类-空间重构-六面体"
87,判断推理,对,106,38%,A,A,"方式目的"
88,判断推理,对,24,72%,D,D,"拆词"
89,判断推理,对,47,79%,B,B,"单定义-其他句式"
90,判断推理,错,58,74%,D,A,"拆词"
91,判断推理,对,46,79%,B,B,"方式目的"
92,判断推理,错,101,92%,D,C,"方式目的"
93,判断推理,对,63,76%,B,B,"常规问法"
94,判断推理,对,25,45%,A,A,"常规问法"
95,判断推理,对,59,68%,B,B,"常规问法"
96,判断推理,对,17,60%,C,C,"逻辑关系-全同关系"
97,判断推理,错,27,36%,B,A,"拆分思维 / 逻辑关系-并列关系"
98,判断推理,对,23,94%,A,A,"逻辑关系-包容关系"
99,判断推理,错,72,61%,A,C,"逻辑关系-并列关系"
100,判断推理,对,41,95%,A,A,"逻辑关系-对应关系"
101,判断推理,对,27,97%,A,A,"逻辑关系-对应关系 / 语法关系"
102,判断推理,对,65,64%,A,A,"语法关系 / 拆分思维 / 语义关系-反义关系"
103,判断推理,对,46,84%,D,D,"逻辑关系-对应关系"
104,判断推理,对,22,80%,D,D,"逻辑关系-对应关系"
105,判断推理,对,34,89%,C,C,"语义关系-反义关系"
106,判断推理,对,46,89%,D,D,"补充论据"
107,判断推理,对,171,98%,B,B,"补充论据"
108,判断推理,对,152,72%,D,D,"拆桥 / 削弱-实验类"
109,判断推理,错,176,64%,C,B,"削弱论点"
110,判断推理,错,169,59%,D,C,"削弱论点"
111,判断推理,对,80,83%,C,C,"削弱论点"
112,判断推理,对,225,69%,A,A,"日常结论"
113,判断推理,错,156,48%,A,B,"日常结论"
114,判断推理,对,122,63%,C,C,"常规翻译"
115,判断推理,错,38,31%,C,D,"两真两假"
116,资料分析,对,116,80%,A,A,"一般增长率 / 综合资料"
117,资料分析,对,66,87%,C,C,"综合资料 / 比值计算"
118,资料分析,对,63,81%,B,B,"综合资料 / 现期比重"
119,资料分析,对,35,80%,C,C,"一般增长率 / 综合资料"
120,资料分析,错,104,64%,C,D,"综合资料 / 综合分析"
121,资料分析,对,116,83%,B,B,"增长量计算 / 综合资料"
122,资料分析,对,45,85%,B,B,"综合资料 / 现期比重"
123,资料分析,对,60,88%,C,C,"一般增长率 / 综合资料"
124,资料分析,对,60,84%,C,C,"直接找数 / 综合资料"
125,资料分析,错,102,51%,C,A,"现期平均数 / 综合资料"
126,资料分析,对,49,95%,C,C,"简单加减计算 / 综合资料"
127,资料分析,对,44,87%,D,D,"综合资料 / 比值计算"
128,资料分析,对,185,78%,C,C,"一般增长率 / 综合资料"
129,资料分析,对,195,62%,C,C,"综合资料 / 现期比重"
130,资料分析,错,283,39%,C,B,"综合资料 / 综合分析"
131,资料分析,对,118,80%,B,B,"文字资料 / 现期比重"
132,资料分析,对,111,81%,A,A,"直接找数 / 文字资料"
133,资料分析,对,248,58%,A,A,"文字资料 / 基期计算"
134,资料分析,对,51,89%,C,C,"一般增长率 / 文字资料"
135,资料分析,错,150,71%,D,C,"文字资料 / 综合分析"
